{
  "app_key": "application.generated.unity.interactionframework.exe",
  "bindings": {
    "/actions/buggy": {
      "chords": [],
      "poses": [],
      "haptics": [],
      "sources": [],
      "skeleton": []
    },
    "/actions/default": {
      "chords": [],
      "poses": [],
      "haptics": [],
      "sources": [],
      "skeleton": []
    },
    "/actions/interaction_framework": {
      "chords": [],
      "poses": [
        {
          "output": "/actions/interaction_framework/in/pose",
          "path": "/user/hand/left/pose/raw"
        },
        {
          "output": "/actions/interaction_framework/in/pose",
          "path": "/user/hand/right/pose/raw"
        }
      ],
      "haptics": [
        {
          "output": "/actions/interaction_framework/out/haptic",
          "path": "/user/hand/left/output/haptic"
        },
        {
          "output": "/actions/interaction_framework/out/haptic",
          "path": "/user/hand/right/output/haptic"
        }
      ],
      "sources": [
        {
          "path": "/user/hand/left/input/joystick",
          "mode": "joystick",
          "parameters": {},
          "inputs": {
            "click": {
              "output": "/actions/interaction_framework/in/teleport"
            },
            "position": {
              "output": "/actions/interaction_framework/in/touchpadpos"
            }
          }
        },
        {
          "path": "/user/hand/right/input/joystick",
          "mode": "joystick",
          "parameters": {},
          "inputs": {
            "click": {
              "output": "/actions/interaction_framework/in/teleport"
            },
            "position": {
              "output": "/actions/interaction_framework/in/touchpadpos"
            }
          }
        },
        {
          "path": "/user/hand/left/input/trigger",
          "mode": "trigger",
          "parameters": {},
          "inputs": {
            "click": {
              "output": "/actions/interaction_framework/in/interactui"
            },
            "pull": {
              "output": "/actions/interaction_framework/in/squeeze"
            }
          }
        },
        {
          "path": "/user/hand/right/input/trigger",
          "mode": "trigger",
          "parameters": {},
          "inputs": {
            "click": {
              "output": "/actions/interaction_framework/in/interactui"
            },
            "pull": {
              "output": "/actions/interaction_framework/in/squeeze"
            }
          }
        },
        {
          "path": "/user/hand/left/input/trigger",
          "mode": "button",
          "parameters": {},
          "inputs": {
            "click": {
              "output": "/actions/interaction_framework/in/use"
            }
          }
        },
        {
          "path": "/user/hand/right/input/trigger",
          "mode": "button",
          "parameters": {},
          "inputs": {
            "click": {
              "output": "/actions/interaction_framework/in/use"
            }
          }
        },
        {
          "path": "/user/hand/left/input/grip",
          "mode": "button",
          "parameters": {},
          "inputs": {
            "click": {
              "output": "/actions/interaction_framework/in/grab"
            }
          }
        },
        {
          "path": "/user/hand/right/input/grip",
          "mode": "button",
          "parameters": {},
          "inputs": {
            "click": {
              "output": "/actions/interaction_framework/in/grab"
            }
          }
        }
      ],
      "skeleton": []
    },
    "/actions/platformer": {
      "chords": [],
      "poses": [],
      "haptics": [],
      "sources": [],
      "skeleton": []
    }
  },
  "controller_type": "oculus_touch",
  "description": "",
  "name": "Saved Interaction Framework [Testing] configuration for Oculus Touch"
}